<?xml version="1.0" encoding="UTF-8"?>
<!DOCTYPE hibernate-configuration SYSTEM 
"http://www.hibernate.org/dtd/hibernate-configuration-3.0.dtd">

<hibernate-configuration>
	<session-factory>
		<property name="hibernate.connection.driver_class">
			oracle.jdbc.OracleDriver
		</property>
		<property name="hibernate.connection.username">
			chinook
		</property>
		<property name="hibernate.connection.password">
			p4ssw0rd
		</property>
		<property name="hibernate.connection.url">
			jdbc:oracle:thin:@localhost:1521:xe
		</property>
		<property name="hibernate.dialect">
			org.hibernate.dialect.Oracle10gDialect
		</property>
		
		<!-- only recommended for dev/test -->
					<property name="show_sql">
						true
					</property>
					<property name="hibernate.hbm2ddl.auto">
						update
					</property>
		<!-- only recommended for dev/test -->
		
		<!-- hibernate mapping file -->
		<mapping class="com.getterandsetter.hibernate.Sas_User_Roles" />
		<mapping class="com.getterandsetter.hibernate.Sas_Users" />
		<mapping class="com.getterandsetter.hibernate.Sas_Application_Status" />
		<mapping class="com.getterandsetter.hibernate.Sas_Application_Type" />
		<mapping class="com.getterandsetter.hibernate.Sas_Application" />
		
<!-- 		<mapping file="Hero.hbm.xml" /> -->
	</session-factory>
</hibernate-configuration>